{
    "batchName": "",
    "batchTime": 0,
    "boardConf": "",
    "boardCustom": "",
    "boardName": "OAK-D-IoT-75",
    "boardOptions": 0,
    "boardRev": "R0M0E0",
    "cameraData": [
        [
            0,
            {
                "cameraType": 0,
                "distortionCoeff": [
                    1.275184154510498,
                    -11.207174301147461,
                    0.00019932645955123007,
                    2.310538911842741e-05,
                    122.29711151123047,
                    0.9277717471122742,
                    -9.011648178100586,
                    117.09436798095703,
                    0.0,
                    0.0,
                    0.0,
                    0.0,
                    0.0,
                    0.0
                ],
                "extrinsics": {
                    "rotationMatrix": [
                        [
                            0.0,
                            0.0,
                            0.0
                        ],
                        [
                            0.0,
                            0.0,
                            0.0
                        ],
                        [
                            0.0,
                            0.0,
                            0.0
                        ]
                    ],
                    "specTranslation": {
                        "x": -0.0,
                        "y": -0.0,
                        "z": -0.0
                    },
                    "toCameraSocket": -1,
                    "translation": {
                        "x": 0.0,
                        "y": 0.0,
                        "z": 0.0
                    }
                },
                "height": 2160,
                "intrinsicMatrix": [
                    [
                        2953.42919921875,
                        0.0,
                        1923.47119140625
                    ],
                    [
                        0.0,
                        2953.42919921875,
                        1090.0625
                    ],
                    [
                        0.0,
                        0.0,
                        1.0
                    ]
                ],
                "lensPosition": 138,
                "specHfovDeg": 68.7938003540039,
                "width": 3840
            }
        ],
        [
            1,
            {
                "cameraType": 0,
                "distortionCoeff": [
                    -5.412818431854248,
                    13.937541007995605,
                    -0.0001220357371494174,
                    0.0008335016900673509,
                    -11.249054908752441,
                    -5.444205284118652,
                    14.057491302490234,
                    -11.3626708984375,
                    0.0,
                    0.0,
                    0.0,
                    0.0,
                    0.0,
                    0.0
                ],
                "extrinsics": {
                    "rotationMatrix": [
                        [
                            0.999920666217804,
                            -0.012558836489915848,
                            0.0009674535831436515
                        ],
                        [
                            0.01256517693400383,
                            0.9998975396156311,
                            -0.006853959057480097
                        ],
                        [
                            -0.0008812767337076366,
                            0.00686557125300169,
                            0.9999760389328003
                        ]
                    ],
                    "specTranslation": {
                        "x": -7.5,
                        "y": 0.0,
                        "z": 0.0
                    },
                    "toCameraSocket": 2,
                    "translation": {
                        "x": -7.4744181632995605,
                        "y": -0.0012228084960952401,
                        "z": 0.049099862575531006
                    }
                },
                "height": 800,
                "intrinsicMatrix": [
                    [
                        849.669921875,
                        0.0,
                        638.0479125976563
                    ],
                    [
                        0.0,
                        849.669921875,
                        411.64007568359375
                    ],
                    [
                        0.0,
                        0.0,
                        1.0
                    ]
                ],
                "lensPosition": 0,
                "specHfovDeg": 71.86000061035156,
                "width": 1280
            }
        ],
        [
            2,
            {
                "cameraType": 0,
                "distortionCoeff": [
                    36.06275177001953,
                    -130.34910583496094,
                    -0.00027444344596005976,
                    -0.00022029098181519657,
                    388.3232727050781,
                    36.162841796875,
                    -132.44284057617188,
                    393.12615966796875,
                    0.0,
                    0.0,
                    0.0,
                    0.0,
                    0.0,
                    0.0
                ],
                "extrinsics": {
                    "rotationMatrix": [
                        [
                            0.9993247985839844,
                            0.03656185790896416,
                            0.0036351054441183805
                        ],
                        [
                            -0.03651951253414154,
                            0.9992712736129761,
                            -0.011102876625955105
                        ],
                        [
                            -0.004038398154079914,
                            0.010962627828121185,
                            0.9999317526817322
                        ]
                    ],
                    "specTranslation": {
                        "x": 3.75,
                        "y": 0.0,
                        "z": 0.0
                    },
                    "toCameraSocket": 0,
                    "translation": {
                        "x": 3.6838245391845703,
                        "y": -0.1034332737326622,
                        "z": -0.1837252825498581
                    }
                },
                "height": 800,
                "intrinsicMatrix": [
                    [
                        851.3169555664063,
                        0.0,
                        642.7611083984375
                    ],
                    [
                        0.0,
                        851.3169555664063,
                        408.62371826171875
                    ],
                    [
                        0.0,
                        0.0,
                        1.0
                    ]
                ],
                "lensPosition": 0,
                "specHfovDeg": 71.86000061035156,
                "width": 1280
            }
        ]
    ],
    "hardwareConf": "",
    "imuExtrinsics": {
        "rotationMatrix": [
            [
                0.0,
                0.0,
                0.0
            ],
            [
                0.0,
                0.0,
                0.0
            ],
            [
                0.0,
                0.0,
                0.0
            ]
        ],
        "specTranslation": {
            "x": 0.0,
            "y": 0.0,
            "z": 0.0
        },
        "toCameraSocket": -1,
        "translation": {
            "x": 0.0,
            "y": 0.0,
            "z": 0.0
        }
    },
    "miscellaneousData": [],
    "productName": "",
    "stereoRectificationData": {
        "leftCameraSocket": 1,